County,State,"Black or African American alone, percent, 2013","Hispanic or Latino, percent, 2013","White alone, not Hispanic or Latino, percent, 2013","Two or More Races, percent, 2013",Diversity-Index
Aleutians West Census Area,AK,7.4,14.6,29.2,4.8,0.769346
Aleutians East Borough,AK,7.7,13.5,12.9,3.7,0.738867
Fort Bend County,TX,21.2,24.0,35.6,2.0,0.736427
Robeson County,NC,24.7,8.0,26.8,2.5,0.704067
Gwinnett County,GA,26.3,20.4,41.6,2.4,0.702974
Yakutat City and Borough,AK,0.9,3.1,37.1,15.9,0.698748
Manassas Park city,VA,15.0,34.7,39.4,3.7,0.690899
Dallas County,TX,23.1,39.0,31.7,1.7,0.69039
Montgomery County,MD,18.6,18.3,47.0,3.1,0.687803
Hoke County,NC,34.1,12.2,41.4,4.1,0.686301
Harris County,TX,19.5,41.6,31.9,1.7,0.682123
Prince William County,VA,21.4,21.5,46.7,4.2,0.681277
Broward County,FL,28.5,26.9,40.8,2.0,0.678237
Orange County,FL,22.0,28.7,44.1,2.4,0.671218
Kodiak Island Borough,AK,1.3,8.4,51.4,6.8,0.665746
Manassas city,VA,15.6,32.9,44.7,3.6,0.662891
Jefferson County,TX,34.4,18.5,42.9,1.5,0.661628
Waller County,TX,25.8,29.5,43.6,1.4,0.655844
Bell County,TX,22.4,23.2,48.9,4.3,0.653821
Durham County,NC,38.7,13.5,42.1,2.3,0.651831
Fairfax County,VA,9.9,16.2,52.7,3.4,0.649676
Bristol Bay Borough,AK,0.0,3.9,45.3,17.5,0.648271
Tarrant County,TX,15.9,27.6,50.1,2.2,0.644473
Alexandria city,VA,22.4,16.9,52.4,3.0,0.641095
Brazoria County,TX,13.3,28.9,50.7,1.8,0.637752
Cumberland County,NC,37.4,10.7,45.8,4.3,0.636081
Mecklenburg County,NC,32.1,12.6,49.3,2.2,0.634781
Liberty County,GA,40.9,11.6,42.7,4.3,0.63442
Scotland County,NC,39.1,2.7,44.8,2.2,0.632352
Potter County,TX,10.8,36.7,47.1,2.0,0.62912
Fulton County,GA,44.4,7.7,40.7,2.0,0.626907
Hillsborough County,FL,17.4,26.0,52.3,2.5,0.626423
Travis County,TX,8.9,33.8,50.0,2.4,0.623218
Cherokee County,OK,1.5,6.5,49.6,9.3,0.621119
Falls County,TX,25.2,22.2,51.7,1.6,0.61956
Sampson County,NC,27.1,18.0,52.5,1.7,0.617255
Jasper County,SC,45.5,14.1,39.6,1.2,0.61602
Greene County,NC,36.5,14.8,47.8,1.1,0.615762
Newport News city,VA,41.2,8.2,45.4,3.9,0.614894
District of Columbia,DC,49.5,10.1,35.8,2.6,0.614376
Howard County,MD,18.4,6.3,56.6,3.5,0.614333
Adair County,OK,0.5,5.8,42.2,10.3,0.614293
Duplin County,NC,25.9,21.2,52.3,1.3,0.614029
Wharton County,TX,14.4,39.0,46.2,0.9,0.613554
Muskogee County,OK,11.1,5.6,57.5,8.2,0.612919
North Slope Borough,AK,1.1,3.4,32.3,5.5,0.612887
Matagorda County,TX,11.4,40.0,46.2,1.3,0.612762
Norfolk city,VA,42.8,7.3,44.3,3.4,0.61266
Comanche County,OK,17.6,12.5,57.7,6.2,0.612108
Cobb County,GA,26.7,12.6,54.8,2.3,0.609575
Hendry County,FL,13.4,50.3,34.5,1.1,0.60928
Jefferson Parish,LA,27.0,13.4,54.7,1.6,0.607961
Hoonah-Angoon Census Area,AK,0.6,4.5,47.8,10.3,0.606696
Osceola County,FL,13.1,48.6,37.3,2.5,0.605921
Oklahoma County,OK,15.8,16.0,58.2,5.1,0.605322
Stewart County,GA,50.8,25.1,27.7,1.5,0.601801
Anchorage Municipality,AK,6.3,8.6,60.5,7.8,0.601515
Rockdale County,GA,49.5,10.1,37.8,2.0,0.601064
Mitchell County,TX,12.8,38.7,48.2,1.6,0.601006
Charles County,MD,43.1,5.0,45.7,3.6,0.600455
Charles City County,VA,47.3,1.7,41.2,2.7,0.600308
Prince of Wales-Hyder Census Area,AK,0.4,3.1,48.0,8.8,0.600004
Telfair County,GA,36.2,14.1,50.1,1.0,0.5979
DeKalb County,GA,54.8,9.1,30.0,2.0,0.597853
Guilford County,NC,33.8,7.5,52.9,2.1,0.597774
Muscogee County,GA,46.0,7.3,42.9,2.7,0.597696
Douglas County,GA,42.5,8.9,46.2,2.3,0.597172
Titus County,TX,10.3,40.9,47.5,1.2,0.59568
Wilson County,NC,39.6,10.0,48.8,1.4,0.594718
Henrico County,VA,30.0,5.3,55.6,2.2,0.591778
Madison County,TX,20.3,21.8,56.5,1.6,0.5916
Clarke County,GA,27.3,10.7,56.6,1.9,0.591439
Duval County,FL,30.0,8.3,55.6,2.6,0.591257
Brazos County,TX,11.3,24.5,57.7,1.8,0.590878
Leake County,MS,41.7,4.3,47.9,0.9,0.590242
Henry County,GA,39.6,6.3,49.8,2.1,0.589671
Atkinson County,GA,17.9,24.6,56.4,1.9,0.588653
Loudoun County,VA,7.7,13.1,60.1,3.5,0.587233
Scott County,MS,38.1,10.7,50.6,1.2,0.58712
Peach County,GA,45.0,7.4,45.3,1.7,0.586408
Wayne County,NC,32.0,10.7,54.7,2.2,0.586224
Camp County,TX,16.9,23.0,57.6,2.2,0.58605
Palm Beach County,FL,18.5,20.3,58.2,1.6,0.584873
Galveston County,TX,13.7,23.5,58.3,1.9,0.584602
Hampton city,VA,49.7,5.1,40.5,3.6,0.584464
Moore County,TX,2.7,52.9,35.9,1.2,0.584092
Walker County,TX,22.8,17.5,57.7,1.4,0.58408
Colquitt County,GA,23.5,17.6,57.4,1.2,0.583928
DeSoto County,FL,13.3,30.2,55.4,1.2,0.583858
Chatham County,GA,40.2,5.9,50.0,2.1,0.583735
Davidson County,TN,28.1,9.9,57.1,2.3,0.583618
Hardee County,FL,7.5,42.9,47.6,1.4,0.583248
Richmond city,VA,50.1,6.4,40.1,2.2,0.583002
Lee County,NC,20.0,19.9,58.1,1.9,0.582159
Warren County,NC,51.7,4.0,38.2,1.6,0.581779
McLennan County,TX,15.0,24.8,57.8,1.8,0.58121
Fairfax city,VA,5.5,16.6,60.3,3.2,0.580696
Guadalupe County,TX,7.7,36.6,52.8,2.4,0.580362
Richland County,SC,46.8,5.0,44.4,2.0,0.580247
Collin County,TX,9.4,15.0,61.2,2.4,0.578365
Robertson County,TX,21.3,19.2,58.3,1.5,0.577508
Caddo County,OK,3.0,11.1,58.4,6.1,0.577476
Hopewell city,VA,39.1,6.8,51.4,3.0,0.577249
Neshoba County,MS,21.2,1.9,59.2,1.5,0.577085
Tyrrell County,NC,36.6,6.8,53.3,1.5,0.576528
Karnes County,TX,9.3,51.2,39.1,0.7,0.576124
Coryell County,TX,17.2,17.2,60.2,4.1,0.576055
Marlboro County,SC,51.2,3.1,39.8,1.7,0.575977
Midland County,TX,6.8,41.1,50.0,1.4,0.575881
Hamilton County,FL,33.9,9.3,54.8,1.8,0.575657
Calhoun County,TX,3.0,47.6,44.1,1.1,0.575457
Navarro County,TX,14.0,25.2,58.4,1.6,0.575335
Victoria County,TX,6.8,44.9,46.7,1.4,0.575256
East Baton Rouge Parish,LA,46.0,3.9,45.9,1.3,0.574996
Bladen County,NC,34.7,7.4,54.7,1.5,0.573888
Forsyth County,NC,27.1,12.4,58.0,2.1,0.573836
Tift County,GA,30.4,10.9,56.7,1.3,0.573803
Caldwell County,TX,7.1,48.9,42.6,1.6,0.57378
Swisher County,TX,7.7,42.1,49.3,1.3,0.57337
Gregg County,TX,20.3,17.5,59.6,1.8,0.572375
Shelby County,TN,53.1,5.9,37.6,1.4,0.572351
Northampton County,VA,35.8,8.2,54.1,1.7,0.57207
Gadsden County,FL,55.4,10.3,33.2,1.1,0.572044
Fredericksburg city,VA,24.1,11.1,59.6,3.7,0.571987
Nash County,NC,39.0,6.6,52.1,1.8,0.571598
Saluda County,SC,26.4,14.8,58.0,1.1,0.571553
Lenoir County,NC,40.9,7.1,50.6,1.1,0.571432
Lubbock County,TX,7.8,33.4,55.8,1.6,0.570089
Prince George County,VA,32.4,7.2,56.5,2.9,0.569355
Howard County,TX,7.0,39.4,52.0,1.6,0.568861
Refugio County,TX,6.8,48.7,43.5,1.4,0.568622
Chattahoochee County,GA,18.5,15.1,61.0,3.8,0.568621
Evans County,GA,30.9,11.9,56.7,1.2,0.568559
St. Lucie County,FL,20.0,17.2,60.1,2.0,0.568454
Long County,GA,26.1,11.8,59.0,3.6,0.568373
Grimes County,TX,16.5,22.6,59.5,1.4,0.567388
St. Mary Parish,LA,32.7,6.2,56.7,1.8,0.566763
Nacogdoches County,TX,18.4,18.5,60.4,1.6,0.56654
Vance County,NC,50.7,7.0,41.4,1.3,0.566401
New Castle County,DE,24.7,9.2,60.1,2.3,0.56628
Gonzales County,TX,7.7,49.1,43.2,1.0,0.565984
Garza County,TX,7.3,48.3,44.2,0.7,0.565915
Adams County,MS,53.3,7.6,38.0,1.1,0.565573
Russell County,AL,42.3,4.9,50.3,2.3,0.565034
Martinsville city,VA,45.0,4.4,48.0,2.0,0.564655
Bastrop County,TX,8.0,34.2,55.8,2.0,0.564482
Colorado County,TX,13.3,27.9,58.3,1.2,0.564287
Wake County,NC,21.4,10.0,61.3,2.3,0.56412
Dooly County,GA,49.9,6.8,42.7,0.9,0.563911
Glades County,FL,13.5,21.8,60.6,0.9,0.563845
Texas County,OK,3.3,45.7,47.4,1.7,0.56384
Anderson County,TX,21.5,16.9,60.2,1.5,0.562471
Richmond County,NC,31.0,6.3,58.0,2.0,0.562048
Suffolk city,VA,43.0,3.5,50.1,2.3,0.562004
Halifax County,NC,53.1,2.7,39.2,1.2,0.561931
DeWitt County,TX,9.6,33.8,56.1,1.3,0.561553
Choctaw County,OK,11.0,3.6,62.6,6.8,0.561534
Newton County,GA,42.5,4.8,50.6,1.9,0.560536
Okfuskee County,OK,7.9,4.1,62.1,6.7,0.560324
Dillon County,SC,46.5,2.5,47.1,1.8,0.560247
Sumter County,SC,47.1,3.7,46.5,1.8,0.560046
Leon County,FL,31.4,6.0,58.0,2.1,0.559992
Limestone County,TX,18.0,20.4,60.5,1.4,0.559616
Terrell County,TX,1.2,47.8,45.8,1.3,0.55917
Childress County,TX,10.2,29.3,58.7,1.2,0.558921
Denton County,TX,9.4,18.9,62.5,2.4,0.558831
Tattnall County,GA,29.7,10.9,58.4,1.0,0.558678
Lowndes County,GA,36.8,5.4,55.0,2.0,0.558475
Smith County,TX,17.9,18.3,61.3,1.5,0.558215
Houston County,GA,29.9,6.5,58.9,2.7,0.557975
Sumter County,GA,52.5,5.0,40.5,1.0,0.557514
Grady County,GA,28.9,10.9,58.9,1.3,0.557299
Decatur County,GA,41.4,5.6,51.8,1.1,0.556909
Richmond County,GA,55.2,4.5,36.8,2.5,0.556878
Barbour County,AL,47.6,4.8,46.3,0.9,0.556605
Anson County,NC,48.5,3.4,45.5,1.3,0.556216
Pitt County,NC,34.6,5.8,56.6,1.9,0.555853
Bexar County,TX,8.2,59.1,29.5,2.1,0.555597
Jefferson County,AL,42.8,3.8,51.0,1.1,0.554916
Somerset County,MD,42.8,3.8,51.0,2.0,0.554775
Baker County,GA,45.6,4.4,48.5,1.0,0.554672
Ward County,TX,4.9,50.4,43.4,1.7,0.554663
Pasquotank County,NC,37.8,4.4,54.8,2.1,0.554213
Portsmouth city,VA,53.5,3.6,39.7,2.7,0.553946
Coffee County,GA,28.0,10.6,59.7,1.2,0.55373
Bee County,TX,8.5,57.4,33.1,1.1,0.553516
Dawson County,TX,7.1,54.9,37.4,1.3,0.553319
Mitchell County,GA,47.9,4.4,46.4,0.9,0.553171
Sitka City and Borough,AK,1.0,5.8,63.6,9.3,0.553092
Tulsa County,OK,10.8,11.6,64.3,5.8,0.552901
Chesapeake city,VA,30.0,5.0,59.4,3.1,0.552588
Arlington County,VA,8.9,15.6,63.6,3.1,0.552435
Baltimore County,MD,27.5,4.8,60.5,2.3,0.552251
Okmulgee County,OK,8.7,3.6,63.6,8.4,0.552011
Harmon County,OK,8.0,26.7,60.7,3.8,0.551609
Jones County,TX,13.0,26.3,60.2,1.4,0.551138
Danville city,VA,49.3,3.1,45.3,1.4,0.550431
Caddo Parish,LA,48.0,2.7,46.7,1.4,0.550416
Hall County,TX,7.8,34.6,56.9,1.2,0.550134
Ben Hill County,GA,35.1,6.4,56.8,1.2,0.549835
Washington County,NC,49.2,4.3,45.4,1.7,0.54963
Jenkins County,GA,43.2,5.1,51.1,0.9,0.549508
Tillman County,OK,8.5,24.6,61.7,3.6,0.548564
Greene County,GA,36.9,6.3,55.8,1.2,0.548329
Cherokee County,TX,14.9,21.7,61.8,1.8,0.54817
Madison County,FL,39.0,5.0,54.5,1.3,0.548148
Osage County,OK,11.5,3.3,64.1,7.2,0.547996
Angelina County,TX,15.6,20.8,62.0,1.2,0.547671
St. John the Baptist Parish,LA,54.9,5.2,38.5,1.1,0.547468
Crisp County,GA,43.6,3.3,51.1,1.1,0.547463
Hockley County,TX,4.1,46.2,48.7,1.2,0.54735
McCurtain County,OK,8.7,5.1,64.3,6.7,0.547169
Alachua County,FL,20.4,8.9,63.2,2.5,0.547155
Granville County,NC,32.0,7.5,58.7,1.6,0.547051
Williamson County,TX,6.7,23.8,62.3,2.5,0.546895
Bibb County,GA,53.4,3.2,40.8,1.3,0.546816
Virginia Beach city,VA,20.0,7.5,63.4,3.9,0.546513
Lincoln Parish,LA,41.4,2.7,53.0,1.1,0.546476
Essex County,VA,38.5,3.3,55.1,2.3,0.546371
Tallahatchie County,MS,56.5,6.0,36.2,1.0,0.54594
Tom Green County,TX,4.7,37.3,55.9,1.9,0.545529
Wilkes County,GA,42.6,3.7,52.1,1.4,0.54545
Toombs County,GA,25.9,11.3,61.2,1.3,0.545306
Montgomery County,AL,56.3,3.4,36.9,1.3,0.544959
Polk County,FL,15.6,19.0,62.8,1.9,0.544458
Scurry County,TX,5.2,38.5,55.2,1.4,0.543962
Haywood County,TN,50.1,4.1,45.1,0.9,0.543823
Terry County,TX,5.0,53.0,41.6,1.2,0.543243
Edgefield County,SC,36.8,5.6,56.4,1.3,0.543149
Wilbarger County,TX,8.7,27.7,61.0,1.9,0.542915
Burke County,GA,48.5,3.0,47.0,1.4,0.542753
Harnett County,NC,21.6,11.7,62.9,3.1,0.542616
Lamb County,TX,5.1,53.8,40.6,1.5,0.542523
Natchitoches Parish,LA,41.4,2.1,53.4,2.0,0.542471
Marion County,GA,32.0,6.6,59.2,1.6,0.542337
Ketchikan Gateway Borough,AK,0.9,4.9,65.0,9.1,0.541652
Chickasaw County,MS,43.5,3.9,51.8,1.0,0.540811
Marshall County,MS,47.4,3.4,48.3,0.9,0.540785
Martin County,NC,43.2,3.5,52.1,1.0,0.540574
Hays County,TX,4.0,36.7,56.8,2.0,0.540343
Madison County,MS,38.5,2.9,55.7,0.8,0.540075
Ector County,TX,4.8,56.4,37.3,1.3,0.540002
Accomack County,VA,28.0,9.0,61.1,1.5,0.539878
Florence County,SC,42.0,2.4,53.2,1.2,0.539644
Houston County,TX,26.1,10.9,61.7,1.1,0.539116
Baldwin County,GA,41.7,2.1,53.5,1.1,0.539025
Hampton County,SC,53.7,3.8,41.4,1.1,0.538618
Webster County,GA,41.9,3.9,53.3,1.4,0.538615
Barnwell County,SC,44.2,2.3,51.5,1.5,0.538596
Orleans Parish,LA,60.1,5.5,31.0,1.5,0.538532
Crosby County,TX,4.4,53.8,41.2,1.6,0.538474
Nottoway County,VA,39.4,4.1,55.2,1.4,0.53813
Turner County,GA,39.7,4.2,55.0,0.8,0.537973
Medina County,TX,2.9,50.6,45.3,1.1,0.53763
Hyde County,NC,30.0,8.0,60.5,1.1,0.537389
Columbus County,NC,30.5,4.7,60.5,1.6,0.537243
Clarendon County,SC,48.9,3.0,47.2,0.9,0.537069
Roanoke city,VA,28.8,5.8,61.3,2.7,0.536736
Calhoun County,SC,42.2,3.2,53.3,1.1,0.536629
Brooks County,GA,35.0,5.6,58.1,1.2,0.536623
Yazoo County,MS,57.2,5.4,36.5,0.9,0.53656
Live Oak County,TX,4.8,36.9,57.0,0.9,0.536361
Pike County,AL,36.8,2.3,57.2,1.5,0.536147
Mobile County,AL,35.3,2.6,58.2,1.5,0.535304
Dallam County,TX,1.9,42.5,53.2,1.9,0.535203
Warren County,MS,47.9,2.0,48.5,0.9,0.534763
Shelby County,TX,17.6,17.6,63.5,1.2,0.534549
Newberry County,SC,31.2,7.4,60.2,1.3,0.534485
Madison County,TN,37.3,3.5,57.0,1.4,0.534441
Surry County,VA,44.7,1.7,51.5,1.8,0.534312
Troup County,GA,34.9,3.6,58.5,1.4,0.534138
Cochran County,TX,4.8,56.3,38.2,1.0,0.534065
Seminole County,FL,12.0,18.6,64.4,2.4,0.533994
Juneau City and Borough,AK,1.5,6.2,66.0,9.4,0.533985
Montgomery County,NC,19.0,15.0,63.8,1.3,0.533881
Lynn County,TX,2.5,47.0,49.4,1.6,0.53385
Upton County,TX,2.6,51.6,44.5,1.6,0.533817
Wheeler County,GA,38.3,5.0,56.3,0.9,0.533755
Hale County,TX,5.9,58.0,35.5,1.2,0.533668
Iberia Parish,LA,32.3,3.6,60.0,1.4,0.533312
Jackson County,TX,7.5,31.0,60.4,1.4,0.533163
Jefferson County,GA,54.1,3.2,41.6,0.8,0.533134
Oktibbeha County,MS,36.9,1.6,57.4,1.1,0.53302
Copiah County,MS,51.1,2.8,45.3,0.9,0.532785
Early County,GA,49.5,2.0,47.1,0.8,0.53262
Franklin city,VA,56.4,2.2,38.5,2.3,0.532569
Colleton County,SC,38.6,2.9,56.4,1.5,0.531762
Iberville Parish,LA,48.7,2.4,48.0,0.8,0.531761
Chesterfield County,VA,23.2,7.7,63.8,2.5,0.531245
Nolan County,TX,5.3,35.3,58.4,1.4,0.531194
McDuffie County,GA,40.4,2.7,55.2,1.4,0.531113
Hughes County,OK,5.7,4.4,65.1,7.3,0.53108
Brewster County,TX,1.5,43.5,52.8,1.9,0.531015
Monroe County,AL,41.3,1.1,54.6,1.6,0.530753
Forrest County,MS,36.9,3.4,57.6,1.3,0.530621
Hall County,GA,8.1,27.2,62.3,1.4,0.530604
Goliad County,TX,5.5,35.4,58.4,1.2,0.530362
Marion County,SC,56.0,2.9,39.4,1.2,0.530066
Lowndes County,MS,43.8,1.8,52.7,1.1,0.529928
Andrews County,TX,2.1,53.4,42.9,1.4,0.529877
Lauderdale County,MS,42.9,2.0,53.5,0.9,0.529162
Martin County,TX,2.1,44.7,52.0,1.1,0.529058
Harrison County,TX,22.4,12.1,63.7,1.5,0.52897
Jackson County,OK,8.0,22.2,64.3,3.8,0.528564
Marengo County,AL,51.1,2.2,45.8,0.8,0.52855
Candler County,GA,24.6,10.7,63.2,1.2,0.52841
Richmond County,VA,30.5,6.2,61.2,1.7,0.528257
Claiborne Parish,LA,50.7,1.4,46.3,1.0,0.528236
Washington County,GA,52.6,2.2,44.1,1.0,0.528219
Greenwood County,SC,32.0,5.7,60.5,1.2,0.528056
Sequoyah County,OK,1.9,3.7,64.6,9.3,0.527747
Winston County,MS,45.7,1.1,51.3,0.8,0.527666
Thomas County,GA,36.9,3.4,57.9,1.3,0.527184
Collingsworth County,TX,6.0,32.0,60.5,1.7,0.527085
Knox County,TX,6.0,32.8,60.1,2.1,0.527048
Jefferson County,FL,35.6,4.1,58.7,1.5,0.526757
Craig County,OK,3.2,3.0,65.1,9.0,0.526534
Edgecombe County,NC,57.7,4.0,37.3,1.1,0.52618
Prince George's County,MD,65.1,16.2,14.5,2.6,0.526125
Panola County,MS,49.6,1.6,47.7,1.0,0.526081
Escambia County,AL,32.2,2.1,60.7,1.6,0.525935
East Feliciana Parish,LA,44.4,1.3,52.6,1.3,0.525809
San Patricio County,TX,2.1,55.4,40.8,1.4,0.52578
Conecuh County,AL,46.0,1.7,51.2,1.3,0.525778
Spalding County,GA,33.3,4.2,60.1,1.7,0.52574
Floyd County,TX,3.9,55.7,40.3,0.6,0.525607
Walthall County,MS,43.7,1.7,53.2,1.2,0.525554
Kent County,DE,25.1,6.6,63.7,3.3,0.525251
St. James Parish,LA,49.4,1.7,48.0,0.7,0.525213
Taliaferro County,GA,58.6,3.3,36.1,1.6,0.52487
Hertford County,NC,59.7,3.7,34.2,1.3,0.524716
St. Bernard Parish,LA,21.5,9.7,64.7,2.3,0.524634
De Soto Parish,LA,38.1,2.6,57.4,1.2,0.524418
Macon County,GA,59.9,4.0,33.9,0.9,0.524324
Wilcox County,GA,35.7,4.1,58.9,1.2,0.523765
McCormick County,SC,49.2,1.2,48.4,1.0,0.523422
Butler County,AL,43.6,1.2,53.5,0.7,0.52337
Bienville Parish,LA,42.2,1.7,54.6,1.4,0.523297
Morehouse Parish,LA,47.8,1.3,49.8,1.0,0.523222
Schleicher County,TX,1.8,50.9,46.6,1.7,0.523098
Rusk County,TX,17.6,15.7,64.9,1.6,0.522781
Pike County,MS,52.4,1.3,45.0,0.8,0.522646
Emanuel County,GA,34.1,4.7,59.9,1.0,0.522544
Lee County,TX,11.2,23.2,64.1,1.4,0.522405
Screven County,GA,42.2,1.6,54.7,1.2,0.522266
Wilkinson County,GA,38.1,2.5,57.6,1.5,0.522181
Ochiltree County,TX,0.9,51.2,46.4,1.2,0.522061
Whitfield County,GA,4.3,32.9,60.6,1.5,0.522024
Quitman County,GA,47.4,1.5,50.3,0.8,0.522013
St. Landry Parish,LA,41.3,1.8,55.4,1.2,0.522006
Darlington County,SC,41.3,1.9,55.4,1.1,0.521992
St. Helena Parish,LA,53.0,1.4,44.4,1.1,0.52163
Seminole County,OK,4.6,4.6,65.8,7.5,0.521448
Lake and Peninsula Borough,AK,0.8,3.3,23.4,9.6,0.521401
Clarke County,AL,44.2,1.3,53.2,0.8,0.521338
Washington County,TX,18.0,14.9,65.1,1.1,0.521163
Okeechobee County,FL,8.9,24.7,64.0,1.3,0.521031
Hardeman County,TN,41.7,1.6,55.2,1.0,0.520993
West Feliciana Parish,LA,45.9,1.4,51.8,0.7,0.520745
Pickens County,AL,40.9,2.2,55.8,1.0,0.520742
Concho County,TX,2.5,54.5,42.6,1.4,0.520625
Twiggs County,GA,41.6,1.8,55.3,1.3,0.520622
Meriwether County,GA,39.1,2.0,57.1,1.1,0.520496
Tensas Parish,LA,54.8,1.8,42.3,1.1,0.520317
Berkeley County,SC,25.0,6.1,64.2,2.6,0.520264
West Baton Rouge Parish,LA,37.9,2.7,57.9,1.2,0.520215
Stafford County,VA,17.8,10.5,66.0,3.7,0.519308
Attala County,MS,42.2,1.9,55.0,0.6,0.519001
Montgomery County,TN,19.4,9.2,65.8,4.1,0.518661
Austin County,TX,9.6,25.5,63.8,1.4,0.51843
Brunswick County,VA,56.1,1.9,40.8,1.1,0.518314
Ellis County,TX,9.4,24.6,64.2,1.6,0.518114
Lunenburg County,VA,34.1,4.1,60.3,1.7,0.518111
Montgomery County,MS,45.4,1.2,52.5,0.6,0.518066
Lynchburg city,VA,28.6,3.3,63.1,2.1,0.517655
Newton County,MS,30.3,1.6,62.3,0.8,0.517325
Ouachita Parish,LA,37.1,2.1,58.7,1.3,0.517071
Chambers County,AL,39.1,2.0,57.4,1.1,0.517068
Milam County,TX,10.1,24.8,64.1,1.2,0.517065
Winkler County,TX,2.9,57.3,39.2,1.0,0.51668
Laurens County,GA,36.2,2.4,59.3,1.1,0.516501
Franklin County,NC,26.9,7.9,63.6,1.7,0.516495
Mecklenburg County,VA,35.2,2.6,59.9,1.6,0.516253
Baltimore city,MD,63.3,4.6,28.3,2.0,0.516013
Westmoreland County,VA,27.5,6.1,63.6,2.3,0.5155
Jasper County,MS,52.2,1.1,46.1,0.6,0.514829
Grenada County,MS,42.2,1.2,55.4,0.9,0.514755
Hansford County,TX,0.9,45.5,52.7,0.9,0.514744
Sussex County,VA,57.8,2.3,38.8,1.0,0.514711
Delaware County,OK,0.4,3.2,65.1,7.8,0.514641
Charleston County,SC,29.0,5.2,63.1,1.5,0.514537
Nueces County,TX,4.4,62.0,31.4,1.4,0.514446
Kinney County,TX,2.0,57.0,40.0,1.4,0.514351
Rapides Parish,LA,32.0,2.8,61.8,1.7,0.514326
Jones County,NC,31.5,4.2,62.0,1.7,0.514233
Chesterfield County,SC,32.4,3.8,61.6,1.6,0.513794
Chester County,SC,37.1,1.7,59.0,1.5,0.513695
Talbot County,GA,57.3,1.8,39.7,1.3,0.51354
Fayette County,GA,21.4,6.9,65.9,2.0,0.512896
Kemper County,MS,60.5,0.7,34.6,0.9,0.512829
Charlottesville city,VA,19.3,4.9,66.5,3.1,0.512658
Sherman County,TX,0.9,42.3,55.5,1.0,0.512615
Crane County,TX,3.6,60.1,35.3,1.1,0.512567
Wilson County,TX,1.8,38.8,58.0,1.4,0.51243
Taylor County,GA,38.2,2.3,58.4,0.8,0.512362
Glynn County,GA,26.6,6.5,64.2,1.7,0.512312
Ottawa County,OK,1.1,4.9,66.5,7.7,0.51229
Echols County,GA,5.3,29.0,63.2,1.8,0.512089
Chowan County,NC,34.4,3.2,60.7,1.2,0.511982
Northampton County,NC,58.4,2.0,38.4,1.1,0.510927
Sterling County,TX,1.4,37.0,59.3,1.9,0.510528
Concordia Parish,LA,40.4,1.2,57.1,0.8,0.51051
Escambia County,FL,22.8,5.2,65.8,3.0,0.510463
Edwards County,TX,0.8,54.6,43.7,0.5,0.510336
Fairfield County,SC,58.8,1.9,37.9,1.2,0.510092
Calhoun County,GA,61.4,4.4,33.3,1.0,0.51002
Miami-Dade County,FL,19.0,65.6,15.2,1.2,0.510018
Lauderdale County,TN,35.1,2.3,60.5,1.3,0.509963
Swain County,NC,1.1,4.4,63.9,4.4,0.509809
Alamance County,NC,19.3,11.8,66.2,1.9,0.5098
Charlton County,GA,32.3,3.5,62.0,1.5,0.50976
Caroline County,VA,28.4,4.0,63.8,3.0,0.509671
Gaines County,TX,2.1,38.7,58.3,1.3,0.509607
Mayes County,OK,0.6,3.2,65.9,9.3,0.508904
Caswell County,NC,33.4,3.3,61.5,1.5,0.50886
Dickens County,TX,5.7,29.6,63.2,1.7,0.508792
Harrison County,MS,23.7,5.4,65.7,2.5,0.507704
Red River Parish,LA,39.4,1.3,58.1,0.7,0.506965
Greensville County,VA,59.2,2.0,37.7,0.9,0.506892
Plaquemines Parish,LA,20.2,6.2,66.8,2.5,0.506809
Morris County,TX,22.8,8.8,65.8,1.9,0.5068
Dorchester County,SC,26.0,4.7,65.0,2.5,0.506692
Taylor County,TX,7.8,23.1,65.8,2.5,0.506541
Terrell County,GA,60.2,2.4,36.1,1.2,0.506501
Bowie County,TX,24.5,7.2,65.4,2.1,0.506452
Wicomico County,MD,24.9,5.1,65.4,2.3,0.506295
Halifax County,VA,36.5,1.9,60.0,1.1,0.506259
Choctaw County,AL,42.7,0.7,55.8,0.5,0.50622
Buckingham County,VA,34.8,2.1,61.0,1.7,0.506041
Washington County,AL,24.5,1.3,65.4,1.3,0.50599
Marshall County,OK,1.9,15.7,67.4,5.9,0.505987
Onslow County,NC,15.8,11.8,67.3,4.1,0.505971
Burleson County,TX,12.7,19.6,66.3,1.4,0.505581
Collier County,FL,7.1,26.3,64.8,1.1,0.50557
Amite County,MS,41.2,1.0,57.0,0.8,0.505187
Madison County,AL,24.5,4.7,65.7,2.4,0.504851
Yalobusha County,MS,38.0,1.6,59.2,1.2,0.504723
Benton County,MS,36.7,2.2,60.0,1.0,0.50471
Clay County,GA,59.5,1.2,37.6,0.9,0.504339
Wichita County,TX,10.7,17.9,67.2,2.4,0.503696
Emporia city,VA,63.6,5.4,29.8,1.1,0.503525
Elbert County,GA,29.7,5.3,63.7,1.0,0.503023
Hale County,AL,57.9,1.1,40.2,0.6,0.502985
Pointe Coupee Parish,LA,35.6,2.4,60.8,1.1,0.502885
Cottle County,TX,10.1,23.8,65.6,1.2,0.502624
Pulaski County,GA,31.5,3.5,63.0,1.0,0.502412
Wayne County,MS,38.8,1.4,58.9,0.8,0.502262
Prince Edward County,VA,32.8,2.4,62.4,1.7,0.502044
Nowata County,OK,2.2,2.9,67.2,9.3,0.50196
Petersburg Census Area,AK,0.7,4.7,67.9,8.2,0.501683
Craven County,NC,21.8,6.9,66.7,2.5,0.501585
Beaufort County,SC,19.3,11.5,66.9,1.8,0.501455
Cook County,GA,27.7,5.9,64.7,1.1,0.500979
Southampton County,VA,36.6,1.3,60.4,1.4,0.500838
McIntosh County,GA,34.9,1.9,61.4,1.2,0.500647
Clayton County,GA,67.8,13.2,14.0,2.1,0.50011
Richland Parish,LA,35.9,2.1,60.9,0.9,0.499691
McMullen County,TX,1.0,36.6,60.5,3.0,0.498969
Clay County,MS,58.8,1.3,39.4,0.6,0.498807
Seminole County,GA,33.3,2.8,62.4,1.2,0.498754
Tuscaloosa County,AL,30.7,3.2,63.7,1.1,0.498631
Pontotoc County,OK,2.5,4.5,67.9,7.6,0.498411
Freestone County,TX,16.8,14.6,67.2,1.6,0.49836
Orangeburg County,SC,62.3,2.1,33.6,1.3,0.498248
Dinwiddie County,VA,32.6,2.9,62.8,1.6,0.49819
Gates County,NC,33.1,1.8,62.6,2.1,0.497768
Cumberland County,VA,32.3,2.4,63.0,2.2,0.497661
Putnam County,GA,27.2,6.7,65.1,0.9,0.497584
Bulloch County,GA,28.9,3.6,64.6,1.6,0.497338
Tangipahoa Parish,LA,30.3,3.8,64.0,1.3,0.496912
Bertie County,NC,61.6,1.7,35.1,1.1,0.49686
Randolph County,GA,60.7,1.7,36.7,0.8,0.496482
Jefferson Davis County,MS,59.8,1.0,38.2,0.9,0.496278
Christian County,KY,21.4,7.3,67.2,2.9,0.49616
Bamberg County,SC,61.4,1.8,35.6,0.9,0.495821
Georgetown County,SC,32.8,3.0,62.9,0.9,0.495749
Hartley County,TX,7.5,24.9,66.1,0.8,0.495291
Ware County,GA,29.5,3.6,64.5,1.6,0.495272
Beaufort County,NC,25.4,7.6,65.9,1.3,0.495151
Covington County,MS,35.7,2.1,61.4,0.9,0.495025
Warren County,GA,60.3,0.9,37.6,1.0,0.494816
Terrebonne Parish,LA,18.9,4.5,68.1,2.2,0.494638
Johnson County,GA,34.6,2.4,62.1,0.8,0.493985
St. Charles Parish,LA,26.4,5.7,65.8,1.4,0.493778
Winchester city,VA,11.3,15.9,68.3,3.1,0.493706
Dorchester County,MD,28.1,4.2,65.2,1.9,0.493641
Simpson County,MS,35.6,1.7,61.6,0.8,0.493429
Jeff Davis County,TX,1.6,34.5,62.2,1.9,0.493394
Webster Parish,LA,33.8,1.8,62.6,1.3,0.493346
Liberty County,TX,10.9,19.7,67.5,1.5,0.49331
Sabine Parish,LA,16.8,3.6,68.5,3.5,0.492445
King and Queen County,VA,27.0,3.4,65.8,2.1,0.492199
Runnels County,TX,2.6,33.6,62.8,1.0,0.491683
Bailey County,TX,1.6,61.1,36.6,0.8,0.491621
Calhoun County,MS,28.1,5.7,65.3,1.1,0.491255
Castro County,TX,2.6,62.3,34.6,0.9,0.491073
Gray County,TX,5.3,26.3,66.1,2.0,0.490496
Kaufman County,TX,10.7,18.8,68.0,1.8,0.490261
Latimer County,OK,1.2,3.4,67.7,8.1,0.49012
Madison Parish,LA,62.2,1.7,35.1,1.0,0.489518
Jones County,MS,29.2,4.4,65.1,0.8,0.488874
Parmer County,TX,1.6,61.4,36.6,1.1,0.488337
Talladega County,AL,32.3,2.2,63.8,1.4,0.487915
Treutlen County,GA,32.7,2.4,63.6,1.0,0.487881
Lee County,SC,63.2,2.1,33.6,0.9,0.487133
Jackson County,FL,26.9,4.5,66.2,1.6,0.48701
Yoakum County,TX,1.5,62.4,35.2,1.2,0.486037
St. Martin Parish,LA,30.7,2.4,64.8,1.3,0.484996
Lafayette Parish,LA,26.1,4.3,66.7,1.4,0.484672
Sutton County,TX,0.9,61.1,37.8,0.8,0.48357
Lamar County,GA,31.2,2.1,64.7,1.7,0.483283
Atascosa County,TX,1.2,62.6,35.3,1.1,0.483069
Menard County,TX,1.4,35.4,62.6,0.7,0.482363
Montgomery County,GA,26.4,6.6,66.6,1.0,0.482282
McIntosh County,OK,3.2,2.5,69.1,7.4,0.482254
Aiken County,SC,25.1,5.2,67.2,1.9,0.482243
Harrisonburg city,VA,8.2,18.2,69.0,2.4,0.481823
Orange County,NC,12.2,8.3,70.0,2.5,0.481789
Person County,NC,27.2,4.2,66.5,1.4,0.481742
Bossier Parish,LA,21.4,6.3,68.4,2.2,0.481481
Franklin County,MS,35.5,1.0,62.7,0.8,0.480677
Clinch County,GA,27.7,4.2,66.4,1.4,0.480346
Dodge County,GA,29.9,3.6,65.5,1.0,0.480133
Tate County,MS,30.9,2.6,65.1,1.2,0.479879
Clarke County,MS,34.4,1.1,63.4,0.6,0.479531
Williamsburg city,VA,15.3,7.2,69.9,3.1,0.479026
Lanier County,GA,23.0,5.2,68.2,2.5,0.47837
Johnston County,NC,15.9,13.2,69.2,1.8,0.477976
San Saba County,TX,3.6,29.0,66.1,1.4,0.477309
Highlands County,FL,10.4,18.2,69.2,1.6,0.476665
Avoyelles Parish,LA,29.5,1.7,66.0,1.6,0.476636
Bolivar County,MS,64.7,2.1,32.3,0.7,0.476531
Lipscomb County,TX,1.8,31.6,65.0,2.4,0.476363
McCulloch County,TX,2.6,31.3,65.2,1.2,0.475982
Lee County,AL,23.5,3.9,68.3,1.5,0.475562
Coosa County,AL,31.3,2.1,65.3,1.2,0.47498
Winn Parish,LA,30.5,1.7,65.7,1.2,0.474835
Valdez-Cordova Census Area,AK,0.9,4.4,70.6,7.1,0.474737
Jackson County,MS,22.0,5.2,68.8,1.8,0.474727
Greenville County,SC,18.5,8.7,69.5,1.7,0.474382
Chambers County,TX,8.3,20.6,69.0,1.4,0.474088
Reagan County,TX,3.4,65.3,31.3,2.1,0.473889
Williamsburg County,SC,65.5,2.2,31.2,0.8,0.473051
Pittsburg County,OK,3.7,4.5,70.5,7.7,0.47289
Marion County,MS,32.5,1.4,64.9,0.9,0.472884
Carroll County,MS,33.3,1.2,64.5,0.9,0.472853
Glasscock County,TX,1.8,32.5,64.9,0.5,0.472771
Vernon Parish,LA,14.7,9.2,70.4,3.5,0.472444
Crockett County,TX,1.7,64.2,33.9,0.9,0.472156
Cabarrus County,NC,16.5,9.8,70.0,1.9,0.472135
Lawrence County,MS,31.2,2.3,65.6,0.8,0.471709
Monroe County,FL,6.9,21.7,69.0,1.7,0.471566
Issaquena County,MS,64.2,0.9,34.1,0.1,0.471441
Spartanburg County,SC,20.9,6.2,69.3,1.6,0.471425
Lincoln County,GA,31.5,1.5,65.5,1.0,0.471384
DeSoto County,MS,24.1,4.9,68.4,1.4,0.471287
Carter County,OK,7.1,6.5,71.2,6.3,0.470863
Washington Parish,LA,30.3,2.1,66.1,1.1,0.470683
Houston County,AL,26.4,3.3,67.7,1.8,0.470455
San Augustine County,TX,22.6,7.0,68.8,1.4,0.470432
Pecos County,TX,4.3,67.5,27.0,0.9,0.469302
Union County,SC,31.5,1.1,65.7,1.4,0.46879
Fairbanks North Star Borough,AK,5.5,7.7,71.6,6.3,0.468523
Assumption Parish,LA,29.8,2.3,66.5,0.9,0.468315
Lee County,FL,9.0,19.1,69.8,1.5,0.467708
Montgomery County,TX,4.7,21.9,69.4,1.7,0.467128
Hemphill County,TX,0.7,31.6,65.8,0.7,0.466856
Appling County,GA,19.6,9.4,69.7,1.0,0.466746
Custer County,OK,3.3,16.2,70.7,3.6,0.466396
Lee County,MS,28.6,2.4,67.2,1.1,0.46585
Catahoula Parish,LA,31.8,1.2,65.8,0.9,0.46567
Fisher County,TX,3.8,27.5,67.6,1.7,0.465557
Jefferson County,KY,21.4,4.7,69.7,2.2,0.465121
Franklin Parish,LA,31.6,1.3,66.0,0.9,0.46428
Charlotte County,VA,29.6,2.1,66.9,1.5,0.464137
Butts County,GA,27.9,3.0,67.6,1.1,0.464117
Anne Arundel County,MD,16.4,6.9,70.9,2.9,0.463435
Laurens County,SC,25.9,4.2,68.4,1.3,0.463094
Spotsylvania County,VA,15.9,8.3,71.0,3.2,0.462061
Haskell County,TX,4.5,25.0,68.8,1.9,0.461653
Camden County,GA,19.4,5.9,70.5,2.9,0.460708
Calcasieu Parish,LA,25.2,2.9,68.9,1.7,0.460464
Columbia County,GA,16.5,5.9,71.2,2.8,0.459782
Lafayette County,FL,15.2,12.6,70.8,1.3,0.459528
Upson County,GA,27.8,2.5,68.0,1.2,0.459482
Dougherty County,GA,68.0,2.5,27.8,1.2,0.459434
Wrangell City and Borough,AK,0.4,1.8,71.1,9.8,0.459282
Worth County,GA,29.1,2.0,67.5,0.9,0.459178
Kershaw County,SC,25.1,4.2,69.0,1.4,0.458886
Aransas County,TX,1.8,26.1,68.7,1.7,0.458668
Wheeler County,TX,2.9,26.6,68.5,1.7,0.458657
Lake County,TN,28.0,2.0,68.0,1.8,0.458456
Evangeline Parish,LA,28.5,2.3,67.8,1.0,0.458428
Henry County,AL,27.5,2.5,68.2,1.1,0.458425
Fayette County,TN,27.8,2.5,68.1,0.9,0.458204
Jackson Parish,LA,29.3,1.5,67.5,1.3,0.458114
Johnston County,OK,2.0,4.3,71.4,7.7,0.457992
Coal County,OK,0.8,3.5,71.0,8.5,0.457798
Union Parish,LA,26.4,4.3,68.6,0.7,0.457789
Choctaw County,MS,30.3,1.4,67.1,1.2,0.457591
Irwin County,GA,27.1,3.3,68.4,1.0,0.457449
Lincoln County,MS,30.7,1.2,67.0,0.8,0.456623
Hardeman County,TX,6.3,21.5,70.2,2.3,0.456357
Dale County,AL,19.6,5.7,70.8,2.8,0.456053
Bullock County,AL,69.9,7.8,22.2,1.0,0.455794
Polk County,TX,11.4,14.0,71.5,1.4,0.455449
Dillingham Census Area,AK,0.4,2.4,17.7,9.2,0.45543
Chatham County,NC,13.3,12.9,71.4,1.5,0.455254
Ascension Parish,LA,22.8,5.0,70.0,1.1,0.455234
East Carroll Parish,LA,68.0,2.0,28.9,1.0,0.453534
Monroe County,MS,30.6,1.1,67.3,0.9,0.453225
Coffee County,AL,17.5,6.6,71.5,2.5,0.452732
Atoka County,OK,3.9,3.4,72.1,7.0,0.45183
Culpeper County,VA,15.8,9.0,71.7,2.9,0.451731
Bleckley County,GA,26.8,2.6,69.0,1.0,0.451218
Wagoner County,OK,3.9,5.3,72.7,7.2,0.451123
Perry County,AL,67.6,1.3,30.3,0.6,0.45099
Lancaster County,VA,28.2,1.7,68.5,1.1,0.450788
Lancaster County,SC,23.2,4.9,70.2,1.3,0.450722
Falls Church city,VA,4.9,9.7,72.6,4.0,0.450661
Tallapoosa County,AL,27.1,2.5,69.0,1.1,0.449672
Le Flore County,OK,2.3,6.8,72.5,5.8,0.448921
Briscoe County,TX,2.6,27.0,69.1,1.7,0.448628
Lafayette County,MS,23.8,2.3,70.3,1.0,0.447832
Comal County,TX,2.1,26.2,69.5,1.6,0.447469
Henry County,VA,22.0,5.2,70.8,1.7,0.447298
Yukon-Koyukuk Census Area,AK,0.4,1.7,22.0,5.3,0.447209
Miller County,GA,27.6,1.9,69.0,1.2,0.447154
Wayne County,GA,20.5,6.3,71.2,1.9,0.446628
Allen Parish,LA,23.2,1.7,70.6,1.7,0.446437
Union County,FL,22.5,5.4,70.7,1.4,0.446389
Haskell County,OK,0.7,3.8,72.1,7.0,0.446161
Abbeville County,SC,28.2,1.2,68.9,1.3,0.445417
Marion County,TX,22.0,3.8,71.0,2.2,0.445415
Crenshaw County,AL,24.1,1.8,70.4,1.6,0.445408
Irion County,TX,1.9,26.9,69.4,1.8,0.445284
Putnam County,FL,16.5,9.4,72.0,1.6,0.445197
Fayette County,KY,14.9,6.9,72.6,2.4,0.444007
Polk County,GA,13.0,12.8,72.3,1.6,0.443599
Northumberland County,VA,25.0,3.4,70.2,1.2,0.443375
Hamilton County,TN,19.9,4.9,71.7,1.6,0.443172
Real County,TX,1.0,26.9,69.6,1.8,0.44249
Coweta County,GA,18.0,6.8,72.1,1.9,0.442433
York County,VA,13.3,5.5,73.0,3.3,0.442352
York County,SC,19.4,4.9,71.9,1.8,0.442307
Bryan County,OK,1.8,5.3,72.9,7.2,0.442237
Isle of Wight County,VA,24.2,2.4,70.6,1.9,0.441937
Floyd County,GA,14.9,10.1,72.5,1.7,0.441415
Marion County,FL,13.1,11.6,72.7,1.6,0.440316
Manatee County,FL,9.3,15.3,72.6,1.6,0.440223
Jeff Davis County,GA,15.5,10.9,72.4,1.0,0.439733
Rogers County,OK,1.2,4.1,73.1,8.2,0.439544
Kleberg County,TX,4.4,71.4,21.9,1.4,0.43945
Love County,OK,2.1,14.2,72.9,5.4,0.439377
Carroll County,GA,18.7,6.5,72.2,2.0,0.439015
Hill County,TX,7.0,19.4,72.0,1.6,0.438718
Cleveland County,OK,4.8,7.8,73.9,5.4,0.43831
Liberty County,FL,19.1,6.5,72.2,1.5,0.4376
Lake County,FL,10.5,13.3,73.0,1.8,0.437584
Rockwall County,TX,6.1,16.7,72.8,1.8,0.437303
Quitman County,MS,69.5,0.9,28.3,1.2,0.436648
Kerr County,TX,2.1,25.2,70.7,1.7,0.435695
Dallas County,AL,69.6,0.9,28.5,0.7,0.4342
Hinds County,MS,70.3,1.6,26.7,0.9,0.434097
Deaf Smith County,TX,1.9,69.9,27.7,1.0,0.433894
Pottawatomie County,OK,3.1,4.7,73.6,6.4,0.433827
Fulton County,KY,24.5,1.6,71.1,2.0,0.433733
Pushmataha County,OK,0.9,3.1,72.9,6.0,0.433283
Hutchinson County,TX,2.8,22.0,71.9,2.3,0.4329
Taylor County,FL,20.9,3.9,72.3,1.7,0.431635
Uvalde County,TX,1.2,69.9,28.2,0.9,0.431513
Jasper County,GA,22.1,4.2,72.0,1.6,0.430705
Panola County,TX,16.0,8.8,73.3,1.8,0.428968
Perquimans County,NC,24.6,2.3,71.4,1.4,0.428922
Rowan County,NC,16.5,8.0,73.3,1.5,0.428703
Barrow County,GA,11.6,9.2,74.0,2.1,0.428644
Fayette County,TX,6.8,19.6,72.7,1.0,0.42817
Union County,NC,12.1,10.9,73.8,1.7,0.428108
Washington County,OK,2.7,5.5,74.4,6.2,0.427552
Rockingham County,NC,18.9,5.9,73.0,1.7,0.427547
Schley County,GA,21.9,4.2,72.3,0.8,0.42736
Wilkinson County,MS,70.0,0.7,28.8,0.5,0.426977
Morgan County,GA,23.2,2.9,72.0,1.3,0.426681
Greene County,MS,27.1,1.1,70.7,0.8,0.426515
Sharkey County,MS,70.6,1.4,27.4,0.7,0.426233
Red River County,TX,17.4,7.0,73.4,1.7,0.425545
Columbia County,FL,18.4,5.4,73.3,1.8,0.425468
Murray County,OK,1.8,5.5,74.2,6.6,0.42533
Hunt County,TX,8.4,14.6,73.9,1.9,0.424854
Rutherford County,TN,13.5,7.0,74.3,2.3,0.423247
Nome Census Area,AK,0.7,1.8,17.1,6.2,0.421728
Washington County,MS,71.3,1.3,26.4,0.6,0.421677
Monroe County,GA,23.1,2.4,72.4,1.1,0.42165
Volusia County,FL,11.0,12.0,74.3,1.9,0.420775
Lampasas County,TX,4.0,18.7,73.6,2.9,0.420595
Amelia County,VA,22.3,3.0,72.7,1.5,0.420531
Calhoun County,AL,20.9,3.5,73.1,1.6,0.420387
Newton County,TX,20.8,3.4,73.2,1.6,0.4194
Bryan County,GA,15.2,6.3,74.4,2.7,0.418272
Comanche County,TX,0.9,26.8,71.4,0.9,0.418065
Wilcox County,AL,71.2,0.9,27.5,0.6,0.417309
Cherokee County,SC,20.6,4.0,73.4,1.4,0.41695
Gulf County,FL,19.0,4.8,73.8,1.8,0.416587
Pender County,NC,17.3,6.3,74.1,1.8,0.416583
King George County,VA,17.3,4.2,74.2,3.1,0.416549
Jones County,GA,24.6,1.3,72.3,1.0,0.416413
Noxubee County,MS,71.7,1.0,26.4,0.8,0.416043
Lee County,GA,20.4,2.4,73.6,1.3,0.415404
Okaloosa County,FL,9.9,8.3,75.2,3.9,0.415203
Brown County,TX,3.6,20.8,73.5,1.6,0.414858
Hopkins County,TX,7.4,16.1,74.4,1.9,0.414569
Kimble County,TX,0.5,25.6,72.1,0.6,0.41435
Leflore County,MS,72.6,2.5,24.1,0.7,0.414104
Hancock County,GA,72.6,1.8,24.3,0.8,0.413422
Allendale County,SC,72.9,2.8,23.5,0.8,0.412457
Blaine County,OK,3.2,9.0,75.3,4.3,0.412397
Paulding County,GA,17.8,5.4,74.4,2.0,0.411326
Sussex County,DE,12.9,9.2,75.1,2.1,0.410139
Crawford County,GA,21.4,3.0,73.7,1.4,0.409886
Cleveland County,NC,20.7,3.1,73.9,1.5,0.409754
Pamlico County,NC,20.3,3.5,74.0,1.4,0.409697
Kiowa County,OK,4.5,10.0,75.6,3.7,0.409428
Clay County,FL,10.6,8.7,75.5,2.8,0.409399
Lavaca County,TX,7.2,17.4,74.5,1.2,0.409318
Culberson County,TX,1.1,73.4,22.5,2.5,0.409028
Lamar County,TX,13.5,7.1,75.3,2.6,0.408744
Elmore County,AL,21.1,2.8,73.9,1.5,0.408283
Gaston County,NC,15.8,6.2,75.0,1.7,0.408181
Bacon County,GA,16.3,7.5,74.8,1.3,0.408091
Sunflower County,MS,72.8,1.5,25.2,0.6,0.406226
Jasper County,TX,16.5,6.4,75.0,1.4,0.405884
Stephens County,TX,2.5,22.4,73.7,0.9,0.405812
San Jacinto County,TX,10.5,12.0,75.4,1.9,0.405581
Reeves County,TX,5.4,74.5,19.2,0.8,0.404966
Pinellas County,FL,10.8,8.6,75.8,2.0,0.40487
Flagler County,FL,11.4,9.4,75.7,1.9,0.404212
Suwannee County,FL,13.4,9.1,75.5,1.4,0.403443
Bedford city,VA,20.1,2.7,74.5,2.1,0.403331
St. Mary's County,MD,14.3,4.5,75.7,3.0,0.402776
Lowndes County,AL,73.1,1.1,25.2,0.8,0.401937
Johnson County,TX,3.1,19.4,74.8,1.7,0.401421
Kay County,OK,2.2,7.0,76.2,5.2,0.400622
Beaver County,OK,1.0,22.0,74.2,2.4,0.39999
Pittsylvania County,VA,21.8,2.4,74.3,1.2,0.399682
Crockett County,TN,13.5,9.5,75.7,1.9,0.399306
Bradford County,FL,19.3,3.6,75.0,1.7,0.398624
Lamar County,MS,20.4,2.4,74.8,1.2,0.398006
Sumter County,AL,73.5,1.0,24.9,0.5,0.397632
Frederick County,MD,9.1,8.0,76.5,2.6,0.397456
Randolph County,AL,20.1,3.2,74.9,1.3,0.39737
Burnet County,TX,2.2,21.4,74.6,1.3,0.396877
Randall County,TX,3.0,18.7,75.3,1.6,0.396495
Lawrence County,AL,11.4,2.1,76.5,4.4,0.396034
Brevard County,FL,10.6,9.0,76.4,2.5,0.395788
Hardin County,KY,12.8,5.6,76.4,3.4,0.395103
James City County,VA,13.7,5.3,76.3,2.6,0.394935
Southeast Fairbanks Census Area,AK,1.5,4.9,76.6,4.9,0.394359
Lexington County,SC,15.1,5.7,76.1,1.7,0.394225
Bibb County,AL,22.1,2.1,74.6,0.9,0.3941
Beckham County,OK,4.5,13.7,76.4,2.7,0.393611
Hart County,GA,18.6,3.5,75.6,1.5,0.392314
Humphreys County,MS,74.7,2.4,22.3,0.9,0.391594
Rankin County,MS,19.8,2.6,75.4,1.0,0.391355
Greer County,OK,7.4,10.6,76.8,3.5,0.391145
Kenedy County,TX,4.1,75.2,20.4,0.2,0.390945
Tunica County,MS,75.1,2.4,21.1,0.9,0.390752
Foard County,TX,4.9,17.4,76.0,1.1,0.389537
Smith County,MS,23.5,1.4,74.5,0.7,0.389503
Indian River County,FL,9.3,11.7,76.7,1.4,0.388965
Autauga County,AL,18.4,2.7,75.9,1.7,0.388898
Amherst County,VA,18.9,2.1,75.8,2.1,0.388727
Oglethorpe County,GA,17.6,4.0,76.1,1.8,0.387933
King William County,VA,17.6,2.3,76.2,2.2,0.387107
Kendall County,TX,1.0,21.7,75.2,1.5,0.386932
Catawba County,NC,8.8,8.7,77.2,1.7,0.386788
Garvin County,OK,2.7,7.2,77.3,5.2,0.386772
Morgan County,AL,12.4,7.8,76.9,1.9,0.386647
Leon County,TX,7.5,14.0,76.7,1.3,0.386204
Iredell County,NC,12.2,7.2,77.0,1.7,0.386177
New Hanover County,NC,14.6,5.5,76.8,2.0,0.385173
Coahoma County,MS,75.1,1.4,22.6,0.7,0.384641
Cass County,TX,17.4,4.3,76.4,1.5,0.383902
Creek County,OK,2.4,3.7,77.4,6.6,0.38379
Colonial Heights city,VA,13.0,4.7,77.2,2.2,0.383305
Palo Pinto County,TX,2.4,19.6,76.0,1.4,0.383081
Grayson County,TX,6.1,12.2,77.3,2.4,0.382844
Lafourche Parish,LA,13.5,4.2,77.2,1.8,0.38278
Mason County,TX,1.0,23.1,75.1,0.9,0.382424
Tipton County,TN,18.7,2.4,76.3,1.8,0.381897
Coke County,TX,1.1,21.5,75.6,1.2,0.381524
Horry County,SC,13.7,6.1,77.2,1.8,0.381018
Erath County,TX,1.6,20.2,76.0,1.4,0.380883
Moore County,NC,13.3,6.3,77.3,1.8,0.380285
Logan County,OK,9.2,5.5,77.8,4.3,0.380116
Garfield County,OK,3.3,10.4,77.8,3.9,0.379919
Payne County,OK,3.9,4.3,78.1,5.3,0.379474
Cotton County,OK,2.4,6.6,77.6,5.4,0.379354
Walton County,GA,16.6,3.8,76.9,1.5,0.379201
Albemarle County,VA,9.8,5.7,77.8,2.4,0.379061
Calhoun County,FL,13.4,5.7,77.4,2.1,0.379056
Forsyth County,GA,3.3,9.6,77.7,1.5,0.378991
Grant Parish,LA,15.7,4.5,77.1,1.7,0.378466
Caroline County,MD,14.5,6.0,77.3,1.9,0.377305
Canadian County,OK,2.8,7.8,78.3,4.1,0.374837
Limestone County,AL,13.2,5.8,77.7,2.0,0.374819
Cooke County,TX,3.2,16.7,77.2,1.7,0.374545
Tippah County,MS,16.4,5.0,77.2,1.4,0.374404
Cimarron County,OK,0.3,20.0,76.5,2.0,0.374213
Washington County,FL,15.5,3.4,77.5,2.1,0.37352
Galax city,VA,6.7,14.1,77.6,1.9,0.373039
Bedford County,TN,8.2,11.7,77.9,1.8,0.372174
Appomattox County,VA,19.9,1.2,76.7,1.7,0.371659
Bay County,FL,11.2,5.4,78.2,3.0,0.371522
Harford County,MD,13.2,4.0,78.0,2.4,0.371149
Goochland County,VA,17.9,2.2,77.2,1.4,0.371117
Pontotoc County,MS,15.2,6.1,77.6,1.3,0.370784
Waynesboro city,VA,11.7,6.6,78.2,3.1,0.369373
Pawnee County,OK,0.8,2.6,78.1,6.0,0.369299
Somervell County,TX,1.2,19.1,77.1,2.1,0.368242
Stone County,MS,19.7,1.5,77.0,1.0,0.367921
Pasco County,FL,5.3,13.0,78.2,1.9,0.36786
Harris County,GA,17.0,3.0,77.6,1.5,0.367701
Petersburg city,VA,77.8,4.3,15.9,2.2,0.366982
Kingfisher County,OK,1.5,14.5,78.1,2.9,0.366411
Blanco County,TX,1.3,19.7,77.1,1.3,0.366097
Louisa County,VA,17.2,2.5,77.7,2.2,0.365537
Anderson County,SC,16.5,3.3,77.9,1.5,0.36453
Gibson County,TN,18.5,2.4,77.5,1.3,0.364387
Frio County,TX,3.9,78.0,16.1,0.8,0.363501
Gillespie County,TX,0.6,21.3,76.9,0.8,0.363
Coleman County,TX,2.8,17.3,77.9,1.7,0.361963
Middlesex County,VA,18.0,2.0,77.8,1.7,0.361586
Talbot County,MD,13.2,5.8,78.6,1.6,0.360954
Shelby County,AL,11.8,6.0,78.8,1.3,0.360905
Franklin County,FL,14.2,4.9,78.5,1.6,0.360868
Habersham County,GA,4.0,13.6,78.7,1.4,0.359584
Trinity County,TX,9.6,9.2,78.9,1.6,0.359469
Kent County,MD,15.1,4.3,78.5,1.7,0.358706
Vermilion Parish,LA,14.8,3.0,78.6,1.4,0.358659
Perry County,MS,19.8,1.1,77.6,1.1,0.358358
Etowah County,AL,15.5,3.6,78.5,1.5,0.35812
Bartow County,GA,10.8,7.8,79.0,1.9,0.357673
Stonewall County,TX,4.1,15.6,78.5,1.5,0.357273
Jack County,TX,4.2,15.8,78.5,0.9,0.35684
Acadia Parish,LA,18.3,2.0,78.1,1.3,0.355956
Webster County,MS,19.7,1.3,77.8,0.9,0.355644
Jefferson Davis Parish,LA,17.1,2.0,78.4,1.8,0.355321
Martin County,FL,5.9,13.0,79.0,1.3,0.355081
Fluvanna County,VA,15.5,3.3,78.7,2.0,0.355058
Oldham County,TX,3.7,14.9,78.8,1.6,0.355049
Northwest Arctic Borough,AK,0.7,1.5,12.5,6.0,0.354752
Franklin County,AL,4.3,15.4,78.7,1.5,0.354606
Wakulla County,FL,15.1,3.6,78.8,1.9,0.354523
Gordon County,GA,4.4,14.6,78.9,1.4,0.353858
Hudspeth County,TX,1.6,77.9,19.7,1.1,0.353713
Haines Borough,AK,0.5,2.7,79.4,7.4,0.35363
Wise County,TX,1.5,18.2,78.3,1.4,0.35324
Harper County,OK,0.2,19.3,78.1,2.0,0.352148
Jefferson County,OK,0.9,8.9,79.6,4.3,0.352027
Calvert County,MD,13.2,3.3,79.3,2.7,0.351636
Colbert County,AL,16.4,2.5,78.8,1.6,0.351218
Union County,MS,15.0,4.6,79.0,1.4,0.351069
Henderson County,TX,6.6,11.8,79.4,1.6,0.350927
Tyler County,TX,11.6,7.4,79.4,1.3,0.35039
McClain County,OK,0.9,7.5,79.8,5.3,0.350166
Gilmer County,WV,12.8,6.0,79.4,1.6,0.349206
Fannin County,TX,7.0,10.1,79.7,2.1,0.349068
Orange County,VA,13.0,4.1,79.5,2.5,0.348652
Beauregard Parish,LA,13.3,3.5,79.5,2.6,0.348191
Caldwell Parish,LA,17.1,2.7,78.9,1.0,0.347391
St. Tammany Parish,LA,12.0,5.2,79.7,1.6,0.347198
Loving County,TX,0.0,17.9,78.9,0.0,0.344414
Franklin County,TX,4.5,13.4,79.8,1.5,0.34282
King County,TX,0.0,16.5,79.3,3.5,0.342505
Maury County,TN,12.3,5.2,80.0,1.9,0.34174
Young County,TX,1.7,17.4,79.3,1.3,0.340236
New Kent County,VA,13.7,2.4,80.0,2.2,0.33995
Camden County,NC,13.0,2.5,80.1,2.2,0.33988
Bosque County,TX,2.0,16.7,79.5,1.5,0.339355
Levy County,FL,9.7,7.8,80.3,1.7,0.339323
Worcester County,MD,13.9,3.3,80.0,1.7,0.339116
Cherokee County,GA,6.4,10.1,80.4,1.9,0.338539
Clay County,AL,14.4,3.3,80.0,1.8,0.337811
Randolph County,NC,6.3,10.9,80.4,1.5,0.337266
Effingham County,GA,13.9,3.3,80.2,1.8,0.335964
West Carroll Parish,LA,15.9,2.7,79.9,1.2,0.3354
Warren County,KY,9.2,5.0,80.8,2.0,0.334798
Eastland County,TX,2.3,15.8,80.0,1.1,0.334216
Bandera County,TX,0.7,17.4,79.7,1.4,0.334101
Jim Wells County,TX,0.9,79.3,19.2,0.7,0.33402
Shelby County,KY,7.8,9.0,80.8,2.0,0.332459
Kent County,TX,1.2,17.0,79.9,1.4,0.332214
Chilton County,AL,10.3,7.7,80.7,1.1,0.332047
Matanuska-Susitna Borough,AK,1.3,4.5,81.1,6.6,0.331951
Hernando County,FL,5.5,11.1,80.8,1.8,0.331253
Dyer County,TN,14.6,3.0,80.4,1.6,0.33106
Upshur County,TX,8.7,7.4,81.1,2.0,0.328709
Woodward County,OK,2.0,11.7,81.0,2.5,0.327965
Delta County,TX,7.5,6.9,81.3,2.8,0.327473
DeKalb County,AL,2.0,14.2,80.7,2.2,0.327182
Stephens County,OK,2.1,6.7,81.4,4.8,0.327108
Fauquier County,VA,8.2,6.9,81.3,2.3,0.326766
Val Verde County,TX,1.8,80.2,17.2,1.0,0.326671
Covington city,VA,12.7,3.1,81.0,2.4,0.326161
Campbell County,VA,14.4,2.0,80.8,1.7,0.325602
Mills County,TX,0.9,17.5,80.3,1.1,0.32426
Davidson County,NC,9.3,6.6,81.4,1.4,0.323943
Kenai Peninsula Borough,AK,0.9,3.8,81.6,5.5,0.32394
Brunswick County,NC,11.3,4.8,81.3,1.7,0.323555
Greene County,AL,80.2,1.0,18.2,0.6,0.323523
Motley County,TX,2.1,15.7,80.7,0.2,0.323368
El Paso County,TX,4.0,81.1,13.5,1.3,0.322012
Jackson County,NC,2.2,5.1,81.6,1.9,0.32178
Washington County,MD,10.7,4.0,81.6,2.6,0.320153
Stanly County,NC,11.2,3.9,81.7,1.2,0.317877
Lexington city,VA,9.7,4.0,82.0,2.1,0.315611
Bethel Census Area,AK,0.7,1.6,11.5,4.1,0.315556
Orange County,TX,8.6,6.7,82.0,1.4,0.315369
Nelson County,VA,12.6,3.5,81.7,1.9,0.314997
Staunton city,VA,12.2,2.6,81.8,2.5,0.314582
Pearl River County,MS,12.6,3.1,81.8,1.7,0.313688
Burke County,NC,6.8,5.7,82.3,1.5,0.313091
Grady County,OK,2.5,5.1,82.5,4.4,0.310587
Macon County,AL,81.5,1.5,16.1,1.3,0.309447
Franklin County,KY,11.0,2.9,82.3,2.3,0.308903
Noble County,OK,1.8,3.0,82.5,4.2,0.308449
Berrien County,GA,11.1,5.0,82.3,1.3,0.307629
Baker County,FL,13.4,2.3,82.1,1.6,0.307153
Hamblen County,TN,4.5,11.0,82.4,1.8,0.306426
Presidio County,TX,1.4,82.0,14.9,0.9,0.304701
Donley County,TX,4.7,10.5,82.6,1.4,0.304228
Santa Rosa County,FL,6.5,5.1,83.0,3.0,0.302848
Borden County,TX,0.6,15.5,82.1,2.5,0.301148
Jackson County,GA,7.1,6.7,83.0,1.6,0.30098
Marshall County,AL,2.3,12.9,82.6,1.6,0.300119
Chattooga County,GA,10.4,4.8,82.9,1.6,0.299333
Baldwin County,AL,9.5,4.6,83.1,1.5,0.297942
Knox County,TN,9.1,3.7,83.3,1.9,0.295642
Union County,KY,13.2,1.7,82.9,1.6,0.29477
Stephens County,GA,11.2,2.9,83.2,2.0,0.29391
Roberts County,TX,0.7,13.4,82.9,3.1,0.293764
Lincoln County,OK,1.8,2.8,83.6,5.2,0.292522
La Salle Parish,LA,12.3,2.5,83.2,0.9,0.291793
Baylor County,TX,3.0,12.4,83.2,1.4,0.291266
Jefferson County,WV,6.9,5.3,83.8,2.4,0.289276
Powhatan County,VA,12.9,2.0,83.3,1.2,0.288881
Wood County,TX,4.9,9.3,83.7,1.3,0.288075
Radford city,VA,8.9,3.0,83.8,2.3,0.287826
Prentiss County,MS,14.0,1.4,83.2,1.2,0.287823
Covington County,AL,12.7,1.6,83.4,1.5,0.287773
Holmes County,MS,82.9,0.9,15.8,0.6,0.287661
Pierce County,GA,9.3,5.0,83.8,1.3,0.286337
Buncombe County,NC,6.5,6.3,84.0,1.9,0.285672
Alcorn County,MS,12.2,2.7,83.6,1.0,0.285366
Walton County,FL,5.9,6.2,84.1,2.4,0.284614
McCracken County,KY,11.0,2.3,83.8,2.1,0.284596
Rutherford County,NC,10.0,3.9,83.9,1.7,0.284228
Sarasota County,FL,5.0,8.6,84.0,1.4,0.284073
Dewey County,OK,0.5,5.9,84.1,3.4,0.283897
Henderson County,NC,3.3,9.8,84.1,1.7,0.281563
Washita County,OK,1.1,9.4,84.1,2.9,0.281305
Obion County,TN,10.9,3.6,84.0,1.3,0.281033
Sumter County,FL,8.7,5.7,84.2,0.9,0.280056
Murray County,GA,1.3,13.8,83.7,1.2,0.279949
Robertson County,TN,7.8,6.0,84.3,1.4,0.279409
St. Johns County,FL,5.7,5.8,84.5,1.7,0.278438
Geneva County,AL,9.8,3.4,84.3,1.7,0.278204
Parker County,TX,2.0,11.2,84.2,1.6,0.277705
Madison County,GA,9.1,4.3,84.4,1.3,0.277228
Franklin County,GA,9.2,4.4,84.4,1.6,0.276935
Surry County,NC,4.1,9.9,84.6,1.1,0.272606
Van Zandt County,TX,3.0,10.0,84.7,1.6,0.271318
Alfalfa County,OK,4.2,5.0,85.0,2.4,0.271199
Greene County,VA,6.8,4.7,85.0,2.2,0.269911
Woods County,OK,3.2,5.9,85.1,2.7,0.269659
Charlotte County,FL,6.1,6.6,85.0,1.5,0.269019
Hanover County,VA,9.6,2.5,84.9,1.5,0.268882
Bourbon County,KY,6.2,7.0,85.0,1.7,0.268435
Davie County,NC,6.5,6.3,85.1,1.6,0.267249
Heard County,GA,10.6,2.2,84.9,1.7,0.267129
Carroll County,TN,10.7,2.3,84.9,1.7,0.266898
Lauderdale County,AL,10.2,2.4,85.0,1.4,0.266234
Montgomery County,VA,4.1,2.9,85.3,2.2,0.266126
Hancock County,MS,8.1,3.6,85.2,2.0,0.265681
Oconee County,SC,7.8,4.8,85.2,1.5,0.26541
Frederick County,VA,4.6,7.1,85.3,1.9,0.264651
Berkeley County,WV,7.4,3.9,85.3,2.6,0.264588
Oconee County,GA,5.4,4.6,85.4,1.3,0.264178
Lincoln County,NC,5.8,7.0,85.3,1.3,0.263906
Claiborne County,MS,84.7,1.1,13.6,0.8,0.263893
Roger Mills County,OK,0.6,6.0,85.3,2.3,0.263727
Yadkin County,NC,3.4,10.5,85.1,1.0,0.263472
Madison County,VA,9.5,2.1,85.3,2.4,0.262304
La Salle County,TX,1.0,84.8,13.8,0.6,0.261648
Fayette County,AL,11.8,1.5,85.1,1.1,0.261504
Giles County,TN,10.3,1.8,85.3,1.8,0.261093
Gloucester County,VA,8.5,2.9,85.5,2.3,0.260291
Simpson County,KY,9.8,2.1,85.4,1.9,0.260188
Trousdale County,TN,9.4,2.8,85.5,1.9,0.258959
Major County,OK,1.0,8.8,85.6,2.5,0.257917
Dixie County,FL,8.9,3.5,85.6,1.5,0.257861
Williamson County,TN,4.6,4.7,85.9,1.4,0.256363
Dimmit County,TX,1.7,85.4,12.6,0.7,0.25437
Jefferson County,MS,85.3,0.4,13.8,0.5,0.253304
Todd County,KY,8.4,4.2,85.9,1.3,0.253121
Lamar County,AL,11.4,1.4,85.7,1.4,0.252158
Sumner County,TN,6.9,4.2,86.1,1.6,0.251719
Woodford County,KY,5.4,6.7,86.1,1.3,0.251051
Hood County,TX,0.8,11.2,85.8,1.2,0.250934
Chester County,TN,9.3,2.4,86.0,1.8,0.250819
Denali Borough,AK,1.3,3.1,86.3,4.7,0.250378
Salem city,VA,7.5,2.9,86.2,1.7,0.249792
Marshall County,TN,6.8,4.8,86.2,1.6,0.24973
Pike County,GA,10.7,1.3,86.0,1.5,0.248532
St. Clair County,AL,9.3,2.3,86.2,1.3,0.247528
Rains County,TX,2.9,8.2,86.3,1.6,0.247261
Carteret County,NC,6.3,4.0,86.5,2.0,0.245625
Cecil County,MD,6.5,3.9,86.5,2.1,0.245427
Skagway Municipality,AK,0.3,4.2,86.6,3.8,0.244653
Throckmorton County,TX,0.9,11.2,86.2,0.9,0.24417
Pickens County,SC,6.8,3.4,86.6,1.5,0.243706
Warren County,TN,3.5,8.4,86.5,1.4,0.243245
Shackelford County,TX,1.3,10.8,86.3,1.5,0.243114
Boyle County,KY,7.6,3.1,86.6,2.0,0.242834
Mathews County,VA,9.0,2.0,86.5,2.1,0.242813
Norton city,VA,6.7,2.5,86.7,2.5,0.242338
Hamilton County,TX,0.9,11.2,86.3,0.9,0.242211
Wilson County,TN,6.7,3.6,86.7,1.6,0.242084
Marion County,KY,8.6,2.5,86.6,1.6,0.241699
Sabine County,TX,7.5,3.8,86.7,1.3,0.240993
Montague County,TX,0.6,10.4,86.6,1.4,0.238791
Queen Anne's County,MD,6.9,3.4,86.9,1.7,0.238473
Graves County,KY,4.7,6.2,87.0,1.7,0.236716
Hardin County,TX,5.8,5.2,87.1,1.1,0.235096
Holmes County,FL,6.6,2.7,87.2,2.0,0.234
Carson County,TX,0.8,9.5,87.0,1.4,0.233621
Nassau County,FL,6.5,3.8,87.2,1.5,0.233596
Roanoke County,VA,5.6,2.6,87.3,1.6,0.232838
Weakley County,TN,8.0,2.3,87.2,1.4,0.232338
Gilchrist County,FL,5.6,5.2,87.3,1.2,0.231825
Armstrong County,TX,1.4,9.5,87.1,1.2,0.231825
Alleghany County,NC,1.7,9.8,87.1,1.2,0.231248
Bradley County,TN,4.7,5.4,87.4,1.7,0.230552
Franklin County,VA,8.2,2.7,87.3,1.2,0.230233
Gilmer County,GA,0.9,10.6,87.1,1.1,0.229831
Clarke County,VA,5.2,3.9,87.5,2.4,0.229436
Scott County,KY,5.7,4.1,87.5,1.7,0.229025
Glascock County,GA,9.4,1.5,87.3,1.3,0.228616
Lincoln County,TN,7.0,3.1,87.5,1.7,0.228144
Callahan County,TX,1.5,8.8,87.4,1.6,0.227798
Alexander County,NC,5.8,4.3,87.6,1.3,0.227105
Henry County,TN,8.2,2.2,87.5,1.6,0.226886
Willacy County,TX,2.6,87.4,9.6,0.5,0.226106
Henderson County,KY,8.0,2.3,87.6,1.7,0.225372
Warren County,VA,5.1,4.0,87.8,2.1,0.224328
Raleigh County,WV,8.2,1.4,87.7,1.7,0.223572
Allegany County,MD,8.2,1.6,87.7,1.7,0.223516
Henderson County,TN,7.8,2.2,87.8,1.8,0.222199
Hickman County,KY,9.2,1.1,87.7,1.6,0.222017
Currituck County,NC,6.2,3.4,87.9,1.9,0.221923
Llano County,TX,1.2,9.3,87.7,1.2,0.221817
Blount County,AL,1.8,8.7,87.8,1.1,0.221056
Ellis County,OK,0.6,7.5,87.9,1.6,0.220857
Dare County,NC,2.9,6.9,88.0,1.7,0.219624
George County,MS,8.5,2.3,87.9,0.9,0.219504
Rabun County,GA,1.6,8.1,88.0,1.8,0.218352
Kanawha County,WV,7.6,1.0,88.1,2.1,0.217397
Caldwell County,NC,5.1,4.9,88.2,1.4,0.216792
Polk County,NC,4.5,5.6,88.2,1.4,0.216658
Trigg County,KY,7.8,1.7,88.2,1.8,0.215354
Washington County,KY,6.3,3.7,88.3,1.3,0.214784
Graham County,NC,0.4,2.7,88.3,1.9,0.214288
McDowell County,NC,4.1,5.5,88.4,1.3,0.213538
Wilkes County,NC,4.4,5.7,88.5,1.2,0.21142
Logan County,KY,6.8,2.7,88.5,1.7,0.211107
Banks County,GA,2.8,6.2,88.6,1.2,0.210037
Carroll County,KY,2.0,6.8,88.7,1.9,0.207804
Buena Vista city,VA,5.3,2.2,88.8,2.0,0.207597
Archer County,TX,0.8,8.5,88.6,1.6,0.207306
Livingston Parish,LA,6.0,3.3,88.8,1.1,0.206585
Duval County,TX,1.4,88.5,10.0,0.4,0.206504
Cameron County,TX,0.8,88.5,10.1,0.5,0.206384
Boone County,KY,3.0,3.9,88.9,1.7,0.206288
Meade County,KY,4.0,3.7,88.9,2.5,0.205964
Oldham County,KY,4.4,3.6,88.9,1.5,0.20594
Loudon County,TN,1.5,7.8,88.8,1.1,0.204957
Hopkins County,KY,6.8,1.8,88.9,1.9,0.204329
Citrus County,FL,3.1,4.9,89.0,1.5,0.204041
Rappahannock County,VA,4.7,3.5,89.0,2.1,0.203971
Martin County,KY,6.9,3.2,88.9,0.6,0.203838
Webster County,KY,4.3,4.6,89.1,1.4,0.201917
McDowell County,WV,9.1,0.6,89.0,1.1,0.199457
Monongalia County,WV,3.9,1.9,89.3,1.8,0.199379
Kenton County,KY,4.9,2.8,89.3,1.9,0.198848
Franklin County,TN,5.2,2.7,89.3,1.7,0.198731
Putnam County,TN,2.3,5.7,89.3,1.3,0.19837
Shenandoah County,VA,2.2,6.5,89.3,1.5,0.197552
Avery County,NC,4.2,4.7,89.4,0.8,0.196666
Coffee County,TN,3.7,3.9,89.5,1.9,0.195607
Mason County,KY,6.6,1.5,89.5,1.8,0.194012
Bristol city,VA,5.7,1.7,89.6,1.9,0.193176
Bedford County,VA,5.9,1.9,89.6,1.3,0.19302
Walker County,AL,6.2,2.3,89.6,1.3,0.192607
Macon County,NC,1.7,6.7,89.6,1.1,0.192172
Washington County,TN,4.3,3.1,89.7,1.7,0.192107
DeKalb County,TN,2.1,7.3,89.6,1.2,0.191245
Jackson County,AL,3.4,2.8,89.8,2.6,0.190698
Daviess County,KY,4.9,2.7,89.8,1.9,0.190036
McCreary County,KY,5.8,2.4,89.9,1.4,0.187594
Patrick County,VA,5.9,2.7,89.9,1.0,0.187464
Grant County,OK,1.4,3.8,90.0,2.7,0.187002
Calloway County,KY,3.9,2.5,90.1,1.5,0.185419
Anderson County,TN,4.2,2.4,90.1,1.9,0.185338
McMinn County,TN,4.1,3.1,90.1,1.9,0.185116
Brooks County,TX,1.0,89.9,8.4,0.5,0.184482
Madison County,KY,4.5,2.2,90.2,1.9,0.183388
Dickson County,TN,4.3,3.1,90.2,1.7,0.183236
Cabell County,WV,5.1,1.3,90.3,2.1,0.181255
Rockingham County,VA,2.0,5.9,90.3,1.4,0.180429
McNairy County,TN,6.1,1.9,90.3,1.4,0.180295
Clark County,KY,5.1,2.8,90.4,1.4,0.179174
Carroll County,MD,3.5,2.9,90.5,1.6,0.178393
Transylvania County,NC,4.1,3.1,90.5,1.7,0.178003
Jessamine County,KY,3.4,2.8,90.7,1.8,0.174957
Mercer County,WV,6.3,1.0,90.6,1.6,0.174799
Taylor County,KY,5.0,2.0,90.7,1.6,0.174141
Nelson County,KY,5.2,2.1,90.7,1.4,0.17397
Wayne County,TN,6.0,1.7,90.8,1.0,0.171527
Lumpkin County,GA,1.8,4.6,90.9,1.7,0.170891
Barren County,KY,4.1,2.9,91.0,1.5,0.169107
Clay County,TX,1.0,5.2,91.0,1.9,0.168506
Sevier County,TN,1.2,5.5,91.0,1.2,0.168441
Itawamba County,MS,6.5,1.4,91.0,0.7,0.167412
Hickman County,TN,4.9,2.0,91.1,1.4,0.167048
Hidalgo County,TX,0.8,91.0,7.3,0.4,0.166345
Pulaski County,VA,5.3,1.4,91.2,1.5,0.164986
Lyon County,KY,5.7,1.4,91.3,1.1,0.162852
Caldwell County,KY,5.4,1.4,91.4,1.4,0.161283
Rhea County,TN,2.2,4.2,91.5,1.6,0.160221
Stokes County,NC,4.2,2.8,91.5,1.1,0.160081
Summers County,WV,5.1,1.7,91.5,1.5,0.159647
Gallatin County,KY,1.6,5.2,91.5,1.8,0.159477
Cherokee County,NC,1.5,2.8,91.6,2.4,0.159084
Catoosa County,GA,2.6,2.7,91.6,1.6,0.15907
Blount County,TN,2.9,3.0,91.6,1.5,0.158881
Mercer County,KY,3.9,2.3,91.6,1.8,0.158535
Haralson County,GA,4.8,1.3,91.6,1.4,0.158223
Monroe County,TN,2.3,3.7,91.7,1.6,0.156895
Augusta County,VA,4.2,2.3,91.7,1.2,0.156634
Walker County,GA,4.4,1.8,91.7,1.4,0.15662
Larue County,KY,3.1,3.1,91.8,1.5,0.155115
Cherokee County,AL,4.5,1.5,91.8,1.5,0.154772
Marion County,AL,4.2,2.5,91.8,1.1,0.15474
Alleghany County,VA,4.9,1.5,91.8,1.4,0.15444
Henry County,KY,2.9,3.0,91.9,1.7,0.153383
Hart County,KY,4.7,1.6,92.0,1.4,0.150926
Wise County,VA,5.4,1.2,92.0,1.0,0.15042
Decatur County,TN,3.1,3.0,92.1,1.2,0.149708
Hardy County,WV,2.8,3.4,92.1,1.1,0.149613
Bledsoe County,TN,4.0,2.2,92.1,1.2,0.149502
Watauga County,NC,1.9,3.5,92.2,1.4,0.148004
Jim Hogg County,TX,0.6,92.1,6.3,0.7,0.147644
Cullman County,AL,1.4,4.4,92.2,1.2,0.147579
Wade Hampton Census Area,AK,0.2,0.7,4.7,2.5,0.14702
Hardin County,TN,3.7,1.9,92.3,1.5,0.146075
Bath County,VA,4.9,1.6,92.3,1.1,0.14528
Muhlenberg County,KY,5.0,1.4,92.3,1.1,0.145246
Stewart County,TN,2.0,2.3,92.4,1.7,0.144836
White County,GA,2.3,2.9,92.4,1.5,0.144568
Houston County,TN,3.0,2.2,92.4,1.9,0.144454
Jefferson County,TN,2.4,3.5,92.4,1.2,0.144247
Marion County,TN,4.0,1.5,92.4,1.4,0.144153
Poquoson city,VA,1.0,2.2,92.6,1.5,0.141123
Ohio County,WV,3.7,0.9,92.6,1.9,0.140648
Cleburne County,AL,3.6,2.2,92.6,1.1,0.140602
Clay County,KY,4.4,2.0,92.6,0.9,0.140102
Fayette County,WV,4.6,1.0,92.7,1.3,0.138268
Ashe County,NC,1.0,5.0,92.7,1.0,0.137937
Brantley County,GA,3.3,2.0,92.8,1.4,0.137111
Macon County,TN,0.7,5.1,92.8,1.0,0.135992
Campbell County,KY,2.9,1.8,92.9,1.6,0.135453
Yancey County,NC,1.2,4.7,92.9,1.0,0.134452
Perry County,TN,2.2,2.2,93.0,1.8,0.133735
Montgomery County,KY,3.0,2.7,93.0,1.1,0.13333
Lee County,VA,4.0,1.8,93.0,0.8,0.133087
Dawson County,GA,0.8,4.1,93.0,1.5,0.133064
Zavala County,TX,1.2,92.9,6.4,0.7,0.132587
Cameron Parish,LA,2.1,3.2,93.1,1.0,0.131634
Marion County,WV,3.6,1.2,93.1,1.5,0.131534
Roane County,TN,2.7,1.6,93.2,1.7,0.13005
Smith County,TN,2.2,2.7,93.2,1.4,0.129933
Morgan County,TN,3.9,1.1,93.2,1.3,0.129545
Mitchell County,NC,0.6,4.7,93.2,1.1,0.128912
Benton County,TN,2.4,2.1,93.3,1.4,0.128248
Humphreys County,TN,2.8,2.0,93.3,1.3,0.128106
Tishomingo County,MS,2.9,2.6,93.3,0.9,0.127893
Haywood County,NC,1.2,3.6,93.3,1.1,0.127889
Rockbridge County,VA,2.7,1.4,93.4,1.5,0.126433
Greene County,TN,2.2,2.7,93.4,1.1,0.126275
Botetourt County,VA,3.3,1.5,93.4,1.1,0.126151
Ballard County,KY,3.2,1.3,93.4,1.8,0.126114
Boyd County,KY,3.0,1.6,93.5,1.4,0.124389
Greenbrier County,WV,2.8,1.3,93.6,1.6,0.122663
Pickens County,GA,1.4,3.0,93.6,1.2,0.122603
Monroe County,KY,2.4,2.9,93.6,1.0,0.122385
Zapata County,TX,0.5,93.5,5.8,0.2,0.122362
Lewis County,TN,2.1,2.0,93.7,1.3,0.120969
Cocke County,TN,2.0,2.1,93.7,1.6,0.120892
Adair County,KY,2.9,1.8,93.7,1.2,0.120703
Morgan County,KY,4.2,0.9,93.7,0.8,0.120104
Cheatham County,TN,1.7,2.6,93.8,1.3,0.118989
Grayson County,VA,2.2,2.8,93.8,1.0,0.11878
Sullivan County,TN,2.3,1.7,93.9,1.3,0.117227
Floyd County,VA,1.9,2.6,93.9,1.2,0.117069
Wayne County,KY,1.8,2.9,93.9,1.2,0.116944
Tazewell County,VA,3.4,0.8,93.9,1.0,0.116891
Dade County,GA,1.4,2.1,94.0,1.2,0.115501
White County,TN,1.9,2.1,94.0,1.5,0.115338
Madison County,NC,1.6,2.5,94.0,1.4,0.115282
Unicoi County,TN,0.4,4.2,94.0,1.0,0.114507
Moore County,TN,2.5,1.6,94.1,1.1,0.113472
Clay County,NC,1.0,3.1,94.1,1.4,0.113242
Harrison County,KY,2.1,2.0,94.2,1.2,0.111632
Wythe County,VA,3.0,1.1,94.2,1.2,0.111431
Mineral County,WV,3.1,0.9,94.2,1.4,0.111369
Russell County,KY,0.6,3.7,94.2,1.0,0.111099
Garrard County,KY,2.2,2.3,94.3,1.0,0.109624
Sequatchie County,TN,0.7,3.5,94.3,1.2,0.109298
Lawrence County,TN,1.7,1.8,94.4,1.5,0.107994
Anderson County,KY,2.1,1.5,94.4,1.3,0.107989
Winston County,AL,0.9,2.7,94.4,1.3,0.107808
Trimble County,KY,1.3,3.3,94.4,1.0,0.107444
Spencer County,KY,1.7,2.0,94.5,1.2,0.106116
Smyth County,VA,2.2,1.8,94.5,1.1,0.106026
Hancock County,WV,2.5,1.2,94.5,1.5,0.105968
Lincoln County,KY,2.4,1.6,94.5,1.3,0.105966
Ohio County,KY,1.0,3.4,94.5,0.9,0.105619
Harrison County,WV,1.7,1.5,94.6,1.6,0.104274
Page County,VA,2.1,1.8,94.6,1.1,0.104178
Johnson County,TN,2.3,1.7,94.6,1.0,0.104158
Bell County,KY,2.4,0.9,94.6,1.6,0.104157
Green County,KY,2.2,1.6,94.6,1.3,0.104155
Union County,GA,0.8,2.8,94.6,1.3,0.104035
Cumberland County,KY,2.9,1.0,94.6,1.3,0.103969
Rowan County,KY,1.9,1.4,94.7,1.1,0.102445
Breckinridge County,KY,2.2,1.3,94.7,1.3,0.102344
Pulaski County,KY,1.3,2.3,94.7,1.1,0.102327
Bland County,VA,3.5,0.6,94.7,0.8,0.101856
Carlisle County,KY,1.2,2.0,94.8,1.3,0.100525
Meigs County,TN,1.5,1.8,94.8,1.2,0.100513
Grant County,KY,0.9,2.4,94.8,1.2,0.100466
Pendleton County,WV,2.4,1.3,94.8,1.2,0.100394
Butler County,KY,0.6,3.3,94.8,0.9,0.100056
Carroll County,VA,0.8,3.2,94.9,0.7,0.098249
Elliott County,KY,3.5,0.9,94.9,0.6,0.098051
Cannon County,TN,1.5,1.6,95.0,1.4,0.096809
Cumberland County,TN,0.6,2.7,95.0,1.0,0.096593
Towns County,GA,1.1,2.5,95.1,0.6,0.094772
Owen County,KY,1.0,2.6,95.1,1.0,0.09471
Casey County,KY,0.7,2.9,95.1,1.0,0.094595
Maverick County,TX,0.6,95.1,3.2,0.4,0.094273
Clinton County,KY,0.5,2.8,95.2,1.3,0.092685
Bullitt County,KY,1.0,1.7,95.3,1.2,0.091206
Carter County,TN,1.5,1.6,95.3,1.2,0.091146
Harlan County,KY,2.2,0.8,95.3,1.0,0.091119
Clay County,TN,1.6,1.6,95.3,1.2,0.091117
Menifee County,KY,2.7,0.8,95.3,1.2,0.090852
Webb County,TX,0.7,95.3,3.7,0.3,0.090279
Allen County,KY,1.2,1.9,95.4,1.1,0.08924
Grainger County,TN,0.7,2.7,95.4,1.0,0.088992
Hawkins County,TN,1.5,1.3,95.5,1.1,0.087426
Giles County,VA,1.6,1.4,95.5,1.0,0.087403
Fannin County,GA,0.7,1.9,95.5,1.2,0.087389
Wood County,WV,1.2,0.9,95.6,1.4,0.085603
Metcalfe County,KY,1.8,1.5,95.6,0.9,0.085421
Buchanan County,VA,2.9,0.5,95.6,0.6,0.085152
Starr County,TX,0.4,95.7,3.9,0.2,0.082592
Putnam County,WV,1.1,1.0,95.8,1.1,0.081809
Washington County,VA,1.5,1.4,95.8,0.8,0.081722
Bath County,KY,1.4,1.4,95.8,1.1,0.081714
Edmonson County,KY,1.8,1.0,95.8,1.0,0.081699
Polk County,TN,0.6,1.7,95.8,1.4,0.08168
Claiborne County,TN,1.1,1.0,95.9,1.2,0.079909
Perry County,KY,1.6,0.8,95.9,1.1,0.079849
Logan County,WV,2.0,0.9,95.9,0.9,0.079747
Laurel County,KY,0.8,1.4,96.0,1.1,0.077974
Doddridge County,WV,1.6,0.8,96.0,1.1,0.077941
Hancock County,KY,1.1,1.6,96.0,1.0,0.077905
Lee County,KY,1.8,0.9,96.0,1.0,0.077885
Knox County,KY,1.2,1.1,96.1,1.0,0.076097
Brooke County,WV,1.4,0.8,96.1,1.2,0.076058
Pocahontas County,WV,1.0,1.4,96.1,1.2,0.076029
Jackson County,TN,0.5,1.7,96.1,1.2,0.075995
Whitley County,KY,0.8,1.0,96.2,1.3,0.074198
Barbour County,WV,0.9,0.7,96.2,1.5,0.074172
Randolph County,WV,1.5,0.8,96.2,0.9,0.074161
Grayson County,KY,1.2,1.2,96.2,1.0,0.074155
Morgan County,WV,0.8,1.2,96.2,1.3,0.074147
Hampshire County,WV,1.2,1.2,96.2,1.1,0.074133
Fleming County,KY,1.6,1.2,96.2,0.9,0.074067
Mingo County,WV,1.9,0.5,96.2,1.0,0.07406
Taylor County,WV,1.0,0.9,96.3,1.1,0.072304
Livingston County,KY,0.6,1.4,96.3,1.2,0.07222
Greenup County,KY,0.9,1.0,96.4,1.0,0.070389
Upshur County,WV,1.0,1.1,96.4,1.0,0.070358
Pleasants County,WV,1.5,0.9,96.4,1.0,0.07029
Nicholas County,KY,0.7,1.9,96.4,0.7,0.070237
Overton County,TN,0.6,1.2,96.5,1.1,0.068449
Bracken County,KY,0.6,1.6,96.5,1.1,0.068352
Grundy County,TN,0.5,1.1,96.6,1.1,0.066537
Campbell County,TN,0.5,1.3,96.6,1.1,0.06651
Crittenden County,KY,0.9,0.9,96.7,1.0,0.064635
Preston County,WV,1.3,0.8,96.7,0.8,0.064606
Monroe County,WV,0.8,0.8,96.7,1.4,0.064574
Marshall County,WV,0.7,1.0,96.8,1.0,0.062707
Carter County,KY,0.7,1.2,96.8,0.9,0.062689
Van Buren County,TN,0.6,1.2,96.8,1.0,0.062683
Powell County,KY,0.8,1.3,96.8,0.8,0.062677
Grant County,WV,0.9,1.3,96.8,0.9,0.062637
Union County,TN,0.2,1.4,96.8,1.2,0.062611
Mason County,WV,0.8,0.6,96.9,1.1,0.060797
Garrett County,MD,1.1,0.8,96.9,0.7,0.060785
Lewis County,WV,0.6,0.9,96.9,1.1,0.060781
Scott County,VA,0.8,1.3,96.9,0.7,0.060748
McLean County,KY,0.7,1.4,96.9,0.7,0.060728
Pendleton County,KY,0.6,1.1,97.1,0.9,0.056903
Fentress County,TN,0.4,1.2,97.1,0.9,0.0569
Marshall County,KY,0.4,1.3,97.1,0.8,0.056897
Calhoun County,WV,0.3,1.2,97.1,1.0,0.056892
Russell County,VA,1.0,1.1,97.1,0.7,0.056881
Pike County,KY,0.7,0.8,97.3,0.7,0.053083
Roane County,WV,0.4,0.9,97.3,1.0,0.053061
Wirt County,WV,0.3,0.8,97.3,1.3,0.053021
Nicholas County,WV,0.3,0.7,97.4,0.9,0.051153
Jackson County,WV,0.5,0.7,97.4,1.0,0.051137
Owsley County,KY,0.5,1.1,97.4,0.6,0.051132
Hancock County,TN,0.4,0.4,97.4,1.3,0.051106
Floyd County,KY,1.1,0.7,97.4,0.7,0.0511
Breathitt County,KY,0.5,0.7,97.5,0.6,0.049227
Tucker County,WV,0.4,0.8,97.5,0.8,0.049218
Braxton County,WV,0.6,0.6,97.5,0.9,0.049209
Wyoming County,WV,0.7,0.5,97.5,1.1,0.049175
Highland County,VA,0.6,1.2,97.5,0.2,0.049173
Knott County,KY,0.9,0.8,97.5,0.8,0.049164
Pickett County,TN,0.2,1.3,97.5,0.7,0.049143
Wayne County,WV,0.4,0.6,97.6,0.9,0.047278
Scott County,TN,0.3,0.7,97.6,0.9,0.047267
Rockcastle County,KY,0.3,0.8,97.6,0.9,0.04726
Robertson County,KY,0.3,1.1,97.6,0.9,0.047203
Johnson County,KY,0.4,0.6,97.7,0.8,0.045338
Webster County,WV,0.4,0.4,97.7,1.1,0.045308
Lawrence County,KY,0.4,0.7,97.7,1.0,0.045301
Wetzel County,WV,0.4,0.7,97.8,0.8,0.04337
Ritchie County,WV,0.3,0.8,97.8,0.9,0.043357
Craig County,VA,0.2,1.0,97.8,0.8,0.04334
Boone County,WV,0.7,0.5,97.9,0.6,0.041444
Letcher County,KY,0.5,0.7,97.9,0.6,0.041441
Estill County,KY,0.3,0.8,97.9,0.8,0.041412
Clay County,WV,0.2,0.5,97.9,1.1,0.041404
Lewis County,KY,0.4,0.6,98.0,0.7,0.039489
Wolfe County,KY,0.2,0.7,98.0,0.7,0.039489
Tyler County,WV,0.3,0.7,98.0,0.7,0.039485
Jackson County,KY,0.3,0.8,98.0,0.6,0.039483
Magoffin County,KY,0.3,0.8,98.0,0.7,0.039468
Dickenson County,VA,0.4,0.7,98.1,0.5,0.037544
Lincoln County,WV,0.2,0.6,98.2,0.7,0.035585
Leslie County,KY,0.4,0.5,98.2,0.7,0.035581
